{"Logistic Regression": 0.7441860465116279, "SVM": 0.7596899224806202, "KNN": 0.7984496124031008, "Random Forest": 0.875968992248062}